created_date,Agency,datasets_created
2013-06-10,CDC,1
2013-06-11,CDC,1
2013-06-19,CDC,1
2013-06-27,CDC,2
2013-07-17,CDC,1
2013-07-29,CDC,5
2013-08-02,CDC,2
2014-03-01,CDC,1
2014-03-04,CDC,1
2014-03-05,CDC,1
2014-03-09,CDC,8
2014-03-10,CDC,1
2014-04-01,CDC,1
2014-04-02,CDC,2
2014-04-07,CDC,1
2014-04-16,CDC,1
2014-04-22,CDC,1
2014-05-07,CDC,2
2014-05-19,CDC,4
2014-05-27,CDC,3
2014-05-28,CDC,2
2014-06-05,CDC,1
2014-07-14,CDC,3
2014-07-15,CDC,4
2014-07-21,CDC,2
2014-08-11,CDC,2
2014-08-14,CDC,1
2014-08-27,CDC,1
2014-09-05,CDC,2
2014-12-05,CDC,1
2014-12-12,CDC,1
2014-12-15,CDC,4
2014-12-16,CDC,12
2014-12-17,CDC,31
2015-01-12,CDC,1
2015-01-13,CDC,15
2015-01-14,CDC,1
2015-01-15,CDC,3
2015-01-20,CDC,1
2015-01-21,CDC,2
2015-01-23,CDC,2
2015-01-28,CDC,2
2015-02-02,CDC,1
2015-02-04,CDC,1
2015-02-05,CDC,1
2015-03-02,CDC,1
2015-03-03,CDC,1
2015-03-16,CDC,11
2015-03-17,CDC,6
2015-03-24,CDC,1
2015-03-25,CDC,1
2015-04-14,CDC,1
2015-04-21,CDC,1
2015-04-22,CDC,3
2015-05-04,CDC,6
2015-05-15,CDC,1
2015-05-20,CDC,1
2015-06-01,CDC,1
2015-06-04,CDC,6
2015-06-15,CDC,1
2015-06-17,CDC,1
2015-06-23,CDC,1
2015-06-30,CDC,3
2015-07-08,CDC,2
2015-07-09,CDC,1
2015-07-10,CDC,1
2015-07-14,CDC,5
2015-08-07,CDC,1
2015-09-14,CDC,1
2015-09-16,CDC,1
2015-10-15,CDC,1
2015-11-06,CDC,4
2015-11-17,CDC,1
2015-12-02,CDC,14
2016-01-07,CDC,2
2016-01-11,CDC,7
2016-01-12,CDC,9
2016-01-20,CDC,1
2016-03-01,CDC,1
2016-03-15,CDC,1
2016-04-14,CDC,1
2016-05-11,CDC,1
2016-05-12,CDC,2
2016-05-13,CDC,1
2016-05-16,CDC,1
2016-06-15,CDC,2
2016-06-23,CDC,1
2016-06-24,CDC,2
2016-07-21,CDC,2
2016-07-22,CDC,4
2016-08-03,CDC,1
2016-08-04,CDC,1
2016-08-29,CDC,2
2016-10-06,CDC,1
2016-10-20,CDC,1
2016-10-28,CDC,2
2016-11-02,CDC,1
2016-11-07,CDC,1
2016-11-08,CDC,2
2016-11-21,CDC,1
2016-11-30,CDC,2
2017-01-12,CDC,17
2017-01-19,CDC,1
2017-04-06,CDC,1
2017-04-12,CDC,1
2017-06-07,CDC,1
2017-06-27,CDC,2
2017-07-20,CDC,1
2017-08-15,CDC,2
2017-08-23,CDC,1
2017-09-28,CDC,1
2017-10-03,CDC,1
2017-11-21,CDC,1
2017-11-22,CDC,2
2017-12-06,CDC,2
2018-01-05,CDC,1
2018-01-06,CDC,1
2018-01-08,CDC,16
2018-01-09,CDC,2
2018-02-07,CDC,1
2018-02-13,CDC,6
2018-03-06,CDC,1
2018-03-07,CDC,1
2018-04-12,CDC,1
2018-05-16,CDC,2
2018-05-24,CDC,1
2018-05-25,CDC,1
2018-06-20,CDC,1
2018-07-26,CDC,3
2018-07-31,CDC,1
2018-08-01,CDC,1
2018-08-03,CDC,2
2018-10-11,CDC,1
2018-10-15,CDC,2
2018-12-31,CDC,9
2019-01-01,CDC,7
2019-01-02,CDC,3
2019-01-03,CDC,23
2019-02-01,CDC,1
2019-03-05,CDC,1
2019-03-19,CDC,1
2019-04-01,CDC,39
2019-04-10,CDC,1
2019-04-26,CDC,1
2019-04-29,CDC,1
2019-05-06,CDC,2
2019-05-23,CDC,1
2019-06-21,CDC,1
2019-07-24,CDC,2
2019-08-12,CDC,1
2019-08-20,CDC,1
2019-09-26,CDC,1
2019-09-27,CDC,1
2019-12-04,CDC,2
2019-12-05,CDC,1
2019-12-12,CDC,10
2019-12-13,CDC,7
2019-12-16,CDC,11
2019-12-17,CDC,2
2020-01-10,CDC,6
2020-01-14,CDC,2
2020-01-16,CDC,3
2020-03-18,CDC,1
2020-03-19,CDC,2
2020-03-26,CDC,2
2020-03-27,CDC,1
2020-03-30,CDC,1
2020-04-03,CDC,1
2020-04-06,CDC,1
2020-04-08,CDC,1
2020-04-10,CDC,3
2020-04-13,CDC,1
2020-04-21,CDC,3
2020-04-27,CDC,1
2020-04-28,CDC,1
2020-04-29,CDC,1
2020-05-01,CDC,3
2020-05-06,CDC,1
2020-05-08,CDC,3
2020-05-13,CDC,1
2020-05-15,CDC,2
2020-05-20,CDC,3
2020-05-21,CDC,1
2020-05-28,CDC,2
2020-05-29,CDC,1
2020-06-24,CDC,1
2020-06-25,CDC,1
2020-06-29,CDC,1
2020-07-22,CDC,3
2020-07-24,CDC,3
2020-08-04,CDC,1
2020-08-05,CDC,1
2020-08-06,CDC,2
2020-08-08,CDC,1
2020-08-13,CDC,1
2020-09-02,CDC,1
2020-09-04,CDC,2
2020-09-11,CDC,1
2020-09-14,CDC,4
2020-09-15,CDC,1
2020-09-16,CDC,1
2020-09-23,CDC,1
2020-09-24,CDC,2
2020-09-25,CDC,2
2020-10-02,CDC,1
2020-10-07,CDC,1
2020-10-19,CDC,4
2020-10-20,CDC,2
2020-10-21,CDC,3
2020-11-10,CDC,1
2020-11-12,CDC,1
2020-11-20,CDC,1
2020-11-30,CDC,1
2020-12-14,CDC,1
2020-12-15,CDC,1
2020-12-19,CDC,1
2021-01-05,CDC,12
2021-01-06,CDC,3
2021-01-07,CDC,25
2021-01-08,CDC,4
2021-01-13,CDC,1
2021-01-23,CDC,1
2021-01-28,CDC,2
2021-02-01,CDC,2
2021-02-03,CDC,4
2021-02-10,CDC,1
2021-02-11,CDC,1
2021-02-19,CDC,2
2021-02-24,CDC,5
2021-02-26,CDC,4
2021-02-27,CDC,1
2021-03-04,CDC,2
2021-03-09,CDC,1
2021-03-12,CDC,2
2021-03-24,CDC,1
2021-03-25,CDC,3
2021-04-02,CDC,1
2021-04-05,CDC,2
2021-04-09,CDC,5
2021-04-12,CDC,2
2021-04-14,CDC,1
2021-04-27,CDC,1
2021-04-28,CDC,3
2021-05-12,CDC,4
2021-05-13,CDC,4
2021-05-14,CDC,9
2021-05-19,CDC,1
2021-05-20,CDC,6
2021-05-24,CDC,7
2021-05-25,CDC,5
2021-06-03,CDC,1
2021-06-07,CDC,2
2021-06-15,CDC,1
2021-06-23,CDC,1
2021-07-01,CDC,1
2021-07-07,CDC,1
2021-07-12,CDC,1
2021-07-19,CDC,1
2021-07-20,CDC,3
2021-07-21,CDC,1
2021-08-06,CDC,2
2021-08-10,CDC,1
2021-08-26,CDC,2
2021-08-31,CDC,3
2021-09-01,CDC,2
2021-09-14,CDC,1
2021-09-15,CDC,1
2021-09-27,CDC,2
2021-09-29,CDC,8
2021-10-05,CDC,1
2021-10-06,CDC,3
2021-10-19,CDC,2
2021-10-21,CDC,1
2021-10-27,CDC,2
2021-10-28,CDC,1
2021-11-16,CDC,2
2021-11-17,CDC,1
2021-11-18,CDC,1
2021-11-19,CDC,1
2021-11-29,CDC,1
2021-11-30,CDC,1
2021-12-02,CDC,1
2021-12-03,CDC,1
2021-12-22,CDC,1
2021-12-28,CDC,1
2021-12-29,CDC,26
2021-12-30,CDC,10
2022-01-03,CDC,5
2022-01-06,CDC,1
2022-01-14,CDC,1
2022-01-25,CDC,1
2022-02-03,CDC,1
2022-02-08,CDC,1
2022-02-18,CDC,1
2022-02-25,CDC,4
2022-02-28,CDC,1
2022-03-03,CDC,1
2022-03-23,CDC,1
2022-03-28,CDC,1
2022-03-30,CDC,1
2022-04-15,CDC,1
2022-05-11,CDC,1
2022-05-16,CDC,1
2022-05-17,CDC,1
2022-05-27,CDC,1
2022-05-31,CDC,1
2022-06-02,CDC,2
2022-06-07,CDC,3
2022-06-08,CDC,1
2022-06-13,CDC,1
2022-06-14,CDC,2
2022-06-15,CDC,7
2022-06-16,CDC,6
2022-06-23,CDC,3
2022-07-21,CDC,1
2022-07-25,CDC,1
2022-07-28,CDC,4
2022-08-30,CDC,1
2022-09-01,CDC,1
2022-09-09,CDC,1
2022-09-28,CDC,5
2022-10-04,CDC,9
2022-10-06,CDC,3
2022-10-11,CDC,1
2022-10-17,CDC,2
2022-10-18,CDC,1
2022-10-24,CDC,1
2022-10-27,CDC,1
2022-10-31,CDC,1
2022-11-18,CDC,1
2022-11-23,CDC,2
2022-11-25,CDC,2
2022-12-01,CDC,2
2022-12-07,CDC,1
2022-12-09,CDC,1
2022-12-19,CDC,1
2022-12-20,CDC,4
2022-12-21,CDC,1
2022-12-22,CDC,1
2022-12-31,CDC,4
2023-01-19,CDC,1
2023-01-24,CDC,1
2023-01-25,CDC,1
2023-01-26,CDC,1
2023-02-17,CDC,2
2023-02-22,CDC,2
2023-03-10,CDC,1
2023-03-24,CDC,1
2023-03-31,CDC,1
2023-04-04,CDC,1
2023-04-10,CDC,2
2023-04-13,CDC,1
2023-04-18,CDC,1
2023-04-25,CDC,1
2023-04-30,CDC,2
2023-05-04,CDC,2
2023-05-09,CDC,10
2023-05-10,CDC,1
2023-05-11,CDC,10
2023-05-15,CDC,2
2023-05-16,CDC,3
2023-05-23,CDC,1
2023-05-24,CDC,1
2023-05-30,CDC,1
2023-06-05,CDC,1
2023-06-06,CDC,3
2023-06-08,CDC,1
2023-06-15,CDC,9
2023-06-20,CDC,2
2023-06-22,CDC,2
2023-06-23,CDC,4
2023-06-27,CDC,2
2023-06-28,CDC,1
2023-06-30,CDC,2
2023-07-03,CDC,1
2023-07-05,CDC,1
2023-07-06,CDC,2
2023-07-24,CDC,1
2023-08-02,CDC,1
2023-08-09,CDC,1
2023-08-15,CDC,2
2023-08-29,CDC,1
2023-09-01,CDC,1
2023-09-06,CDC,1
2023-09-21,CDC,2
2023-09-26,CDC,1
2023-09-27,CDC,5
2023-10-06,CDC,1
2023-10-19,CDC,1
2023-10-20,CDC,3
2023-10-26,CDC,1
2023-10-31,CDC,1
2023-11-01,CDC,1
2023-11-03,CDC,2
2023-11-08,CDC,1
2023-11-13,CDC,1
2023-11-16,CDC,1
2023-11-20,CDC,1
2023-11-21,CDC,2
2023-11-30,CDC,1
2023-12-04,CDC,1
2023-12-05,CDC,1
2023-12-08,CDC,3
2023-12-09,CDC,4
2023-12-12,CDC,1
2023-12-13,CDC,2
2023-12-15,CDC,1
2023-12-18,CDC,1
2023-12-19,CDC,1
2023-12-20,CDC,1
2024-01-09,CDC,1
2024-01-13,CDC,1
2024-01-15,CDC,1
2024-01-16,CDC,2
2024-01-23,CDC,2
2024-01-24,CDC,5
2024-02-02,CDC,2
2024-02-05,CDC,1
2024-02-15,CDC,1
2024-02-16,CDC,2
2024-02-20,CDC,2
2024-02-21,CDC,1
2024-02-23,CDC,3
2024-02-26,CDC,1
2024-02-27,CDC,2
2024-02-28,CDC,1
2024-02-29,CDC,2
2024-03-01,CDC,1
2024-03-11,CDC,1
2024-03-19,CDC,1
2024-03-20,CDC,2
2024-04-01,CDC,1
2024-04-02,CDC,1
2024-04-17,CDC,1
2024-04-24,CDC,10
2024-04-30,CDC,1
2024-05-01,CDC,1
2024-05-02,CDC,1
2024-05-07,CDC,2
2024-05-23,CDC,1
2024-06-14,CDC,1
2024-06-26,CDC,1
2024-07-09,CDC,1
2024-07-10,CDC,8
2024-07-17,CDC,1
2024-07-24,CDC,2
2024-08-22,CDC,1
2024-09-17,CDC,1
2024-09-18,CDC,3
2024-09-20,CDC,2
2024-09-21,CDC,1
2024-09-23,CDC,7
2024-09-26,CDC,3
2024-09-27,CDC,1
2024-09-30,CDC,1
2024-10-01,CDC,3
2024-10-04,CDC,4
2024-10-08,CDC,1
2024-10-09,CDC,1
2024-10-10,CDC,1
2024-10-14,CDC,3
2024-10-15,CDC,1
2024-10-17,CDC,1
2024-10-21,CDC,1
2024-10-22,CDC,6
2024-10-28,CDC,2
2024-10-31,CDC,1
2024-11-01,CDC,1
2024-11-12,CDC,1
2024-11-13,CDC,7
2024-11-14,CDC,17
2024-11-15,CDC,75
2024-11-18,CDC,1
2024-11-22,CDC,1
2024-11-29,CDC,3
2024-12-02,CDC,2
2024-12-03,CDC,1
2024-12-05,CDC,1
2024-12-06,CDC,3
2024-12-09,CDC,8
2024-12-10,CDC,1
2024-12-12,CDC,1
2024-12-18,CDC,1
2024-12-27,CDC,2
2024-12-30,CDC,1
2025-01-10,CDC,1
2025-01-31,CDC,1
2025-02-12,CDC,6
2025-02-14,CDC,1
2025-02-18,CDC,4
2025-02-20,CDC,3
2025-02-21,CDC,1
2025-03-03,CDC,1
2025-03-04,CDC,2
2025-03-06,CDC,8
2025-03-07,CDC,1
2025-03-10,CDC,1
2025-03-14,CDC,1
2025-03-17,CDC,2
2025-03-21,CDC,1
2025-04-02,CDC,3
2025-04-03,CDC,2
2025-04-21,CDC,1
2025-04-29,CDC,3
2025-05-01,CDC,1
2025-05-02,CDC,1
2025-05-13,CDC,1
2025-05-14,CDC,1
2025-05-16,CDC,1
2025-06-13,CDC,1
2025-06-25,CDC,9
2025-06-26,CDC,1
2025-06-27,CDC,2
2025-06-28,CDC,6
2025-06-29,CDC,9
2025-06-30,CDC,12
2025-07-01,CDC,5
2025-07-02,CDC,6
2025-07-09,CDC,1
2025-07-24,CDC,5
2025-07-29,CDC,1
2025-07-30,CDC,4
2025-07-31,CDC,1
2025-08-01,CDC,1
2025-08-04,CDC,2
2025-08-06,CDC,5
2025-08-12,CDC,1
2025-08-15,CDC,2
2025-08-19,CDC,6
2025-08-27,CDC,1
2025-09-03,CDC,1
2025-09-04,CDC,1
2025-09-11,CDC,8
2025-09-15,CDC,1
2025-09-23,CDC,1
2025-09-24,CDC,2
2025-09-30,CDC,1
2025-10-22,CDC,1
2025-10-27,CDC,2
2025-10-30,CDC,1
2025-11-12,CDC,2
2025-11-13,CDC,6
2025-11-17,CDC,1
2025-11-18,CDC,2
2025-11-20,CDC,1
2025-11-28,CDC,1
2025-12-04,CDC,1
2025-12-22,CDC,2
2025-12-31,CDC,1
2026-01-06,CDC,1
2026-01-07,CDC,2
2026-01-08,CDC,1
2026-01-13,CDC,1
2026-01-22,CDC,2
2026-02-19,CDC,1
2026-02-24,CDC,1
2026-03-04,CDC,1
2026-03-19,CDC,1
2026-03-25,CDC,1
2026-04-07,CDC,2
2026-04-08,CDC,1
2026-04-09,CDC,1
2026-04-17,CDC,1
2026-04-21,CDC,1
2026-04-22,CDC,1
2026-04-23,CDC,2
2026-04-24,CDC,1
2026-04-28,CDC,1
2026-04-29,CDC,1
2026-05-12,CDC,1
2026-05-19,CDC,2
2026-05-22,CDC,1
2026-05-28,CDC,1
2026-06-03,CDC,1
2026-06-05,CDC,3
2026-06-23,CDC,2
2026-06-30,CDC,1
2026-07-01,CDC,1
2026-07-06,CDC,1
2026-07-07,CDC,1
2026-09-03,CDC,81
